study_id,record_id,ability_id,design,population,n_total,condition_label,n_condition,comparator_label,lever_type,outcome_measure,instrument,unit,timepoint,stat_type,value,dispersion_type,dispersion_value,ci_low,ci_high,p_value,baseline_value,baseline_dispersion,n_responders,n_tested,pre_post_r,is_primary_outcome,value_source,derivation,source_doi,source_url,location,verbatim_anchor,extractor_id,extraction_date,verification_route,skill_version,model,notes
synth_a03_rct_01,SYN-P03-1,A03,rct,synthetic adults,43,intervention,22,control,imagery,axillary temperature rise,synthetic device,degC,end of training,mean,0.9,SD,0.5,,,,,,,,,yes,table,,10.0000/synthetic.synth_a03_rct_01,https://synthetic.invalid/synth_a03_rct_01,"SYNTHETIC p. 1, Table S",SYNTHETIC anchor text not from any paper,synthetic-generator,2026-10-04,pdf_full_text,synthetic0,synthetic-model-string,SYNTHETIC ROW generated by analysis/synthetic/make_synthetic_master.py; not evidence
synth_a03_rct_01,SYN-P03-1,A03,rct,synthetic adults,43,control,21,,imagery,axillary temperature rise,synthetic device,degC,end of training,mean,0.1,SD,0.5,,,,,,,,,yes,table,,10.0000/synthetic.synth_a03_rct_01,https://synthetic.invalid/synth_a03_rct_01,"SYNTHETIC p. 1, Table S",SYNTHETIC anchor text not from any paper,synthetic-generator,2026-10-04,pdf_full_text,synthetic0,synthetic-model-string,SYNTHETIC ROW generated by analysis/synthetic/make_synthetic_master.py; not evidence
synth_a03_rct_02,SYN-P03-2,A03,rct,synthetic adults,30,intervention,15,control,imagery,axillary temperature rise,synthetic device,degC,end of training,mean,1.2,SD,0.7,,,,,,,,,yes,table,,10.0000/synthetic.synth_a03_rct_02,https://synthetic.invalid/synth_a03_rct_02,"SYNTHETIC p. 1, Table S",SYNTHETIC anchor text not from any paper,synthetic-generator,2026-10-04,pdf_full_text,synthetic0,synthetic-model-string,SYNTHETIC ROW generated by analysis/synthetic/make_synthetic_master.py; not evidence
synth_a03_rct_02,SYN-P03-2,A03,rct,synthetic adults,30,control,15,,imagery,axillary temperature rise,synthetic device,degC,end of training,mean,0.2,SD,0.6,,,,,,,,,yes,table,,10.0000/synthetic.synth_a03_rct_02,https://synthetic.invalid/synth_a03_rct_02,"SYNTHETIC p. 1, Table S",SYNTHETIC anchor text not from any paper,synthetic-generator,2026-10-04,pdf_full_text,synthetic0,synthetic-model-string,SYNTHETIC ROW generated by analysis/synthetic/make_synthetic_master.py; not evidence
synth_a03_rct_03,SYN-P03-3,A03,rct,synthetic adults,78,intervention,40,control,imagery,axillary temperature rise,synthetic device,degC,end of training,mean,0.6,SE,0.063,,,,,,,,,yes,table,,10.0000/synthetic.synth_a03_rct_03,https://synthetic.invalid/synth_a03_rct_03,"SYNTHETIC p. 1, Table S",SYNTHETIC anchor text not from any paper,synthetic-generator,2026-10-04,pdf_full_text,synthetic0,synthetic-model-string,SYNTHETIC ROW generated by analysis/synthetic/make_synthetic_master.py; not evidence
synth_a03_rct_03,SYN-P03-3,A03,rct,synthetic adults,78,control,38,,imagery,axillary temperature rise,synthetic device,degC,end of training,mean,0.1,SE,0.065,,,,,,,,,yes,table,,10.0000/synthetic.synth_a03_rct_03,https://synthetic.invalid/synth_a03_rct_03,"SYNTHETIC p. 1, Table S",SYNTHETIC anchor text not from any paper,synthetic-generator,2026-10-04,pdf_full_text,synthetic0,synthetic-model-string,SYNTHETIC ROW generated by analysis/synthetic/make_synthetic_master.py; not evidence
synth_a03_rct_04,SYN-P03-4,A03,rct,synthetic adults,24,intervention,12,control,imagery,axillary temperature rise,synthetic device,degC,end of training,mean,1.5,SD,0.8,,,,,,,,,yes,table,,10.0000/synthetic.synth_a03_rct_04,https://synthetic.invalid/synth_a03_rct_04,"SYNTHETIC p. 1, Table S",SYNTHETIC anchor text not from any paper,synthetic-generator,2026-10-04,pdf_full_text,synthetic0,synthetic-model-string,SYNTHETIC ROW generated by analysis/synthetic/make_synthetic_master.py; not evidence
synth_a03_rct_04,SYN-P03-4,A03,rct,synthetic adults,24,control,12,,imagery,axillary temperature rise,synthetic device,degC,end of training,mean,0.3,SD,0.7,,,,,,,,,yes,table,,10.0000/synthetic.synth_a03_rct_04,https://synthetic.invalid/synth_a03_rct_04,"SYNTHETIC p. 1, Table S",SYNTHETIC anchor text not from any paper,synthetic-generator,2026-10-04,pdf_full_text,synthetic0,synthetic-model-string,SYNTHETIC ROW generated by analysis/synthetic/make_synthetic_master.py; not evidence
synth_a03_rct_05,SYN-P03-5,A03,rct,synthetic adults,51,intervention,26,control,imagery,axillary temperature rise,synthetic device,degC,end of training,mean,0.8,SD,0.5,,,,,,,,,yes,table,,10.0000/synthetic.synth_a03_rct_05,https://synthetic.invalid/synth_a03_rct_05,"SYNTHETIC p. 1, Table S",SYNTHETIC anchor text not from any paper,synthetic-generator,2026-10-04,pdf_full_text,synthetic0,synthetic-model-string,SYNTHETIC ROW generated by analysis/synthetic/make_synthetic_master.py; not evidence
synth_a03_rct_05,SYN-P03-5,A03,rct,synthetic adults,51,control,25,,imagery,axillary temperature rise,synthetic device,degC,end of training,mean,0.0,SD,0.5,,,,,,,,,yes,table,,10.0000/synthetic.synth_a03_rct_05,https://synthetic.invalid/synth_a03_rct_05,"SYNTHETIC p. 1, Table S",SYNTHETIC anchor text not from any paper,synthetic-generator,2026-10-04,pdf_full_text,synthetic0,synthetic-model-string,SYNTHETIC ROW generated by analysis/synthetic/make_synthetic_master.py; not evidence
synth_a03_rct_01,SYN-P03-1,A03,rct,synthetic adults,43,intervention,22,control,imagery,finger temperature rise,synthetic device,degC,end of training,mean,2.1,SD,1.4,,,,,,,,,no,table,,10.0000/synthetic.synth_a03_rct_01,https://synthetic.invalid/synth_a03_rct_01,"SYNTHETIC p. 1, Table S",SYNTHETIC anchor text not from any paper,synthetic-generator,2026-10-04,pdf_full_text,synthetic0,synthetic-model-string,SYNTHETIC ROW generated by analysis/synthetic/make_synthetic_master.py; not evidence
synth_a03_rct_01,SYN-P03-1,A03,rct,synthetic adults,43,control,21,,imagery,finger temperature rise,synthetic device,degC,end of training,mean,0.4,SD,1.3,,,,,,,,,no,table,,10.0000/synthetic.synth_a03_rct_01,https://synthetic.invalid/synth_a03_rct_01,"SYNTHETIC p. 1, Table S",SYNTHETIC anchor text not from any paper,synthetic-generator,2026-10-04,pdf_full_text,synthetic0,synthetic-model-string,SYNTHETIC ROW generated by analysis/synthetic/make_synthetic_master.py; not evidence
synth_a07_pp_01,SYN-P07-1,A07,pre_post,synthetic adults,20,intervention,20,,feedback,finger skin temperature,synthetic device,degC,end of 4 weeks,mean,33.9,SD,1.99,,,,31.2,1.9,,,0.55,yes,text,,10.0000/synthetic.synth_a07_pp_01,https://synthetic.invalid/synth_a07_pp_01,"SYNTHETIC p. 2, Table S",SYNTHETIC anchor text not from any paper,synthetic-generator,2026-10-04,pdf_full_text,synthetic0,synthetic-model-string,SYNTHETIC ROW generated by analysis/synthetic/make_synthetic_master.py; not evidence
synth_a07_pp_02,SYN-P07-2,A07,pre_post,synthetic adults,16,intervention,16,,feedback,finger skin temperature,synthetic device,degC,end of 4 weeks,mean,33.1,SD,2.21,,,,31.5,2.1,,,,yes,text,,10.0000/synthetic.synth_a07_pp_02,https://synthetic.invalid/synth_a07_pp_02,"SYNTHETIC p. 2, Table S",SYNTHETIC anchor text not from any paper,synthetic-generator,2026-10-04,pdf_full_text,synthetic0,synthetic-model-string,SYNTHETIC ROW generated by analysis/synthetic/make_synthetic_master.py; not evidence
synth_a07_pp_03,SYN-P07-3,A07,pre_post,synthetic adults,25,intervention,25,,feedback,finger skin temperature,synthetic device,degC,end of 4 weeks,mean,34.2,SD,1.78,,,,31.0,1.7,,,0.62,yes,text,,10.0000/synthetic.synth_a07_pp_03,https://synthetic.invalid/synth_a07_pp_03,"SYNTHETIC p. 2, Table S",SYNTHETIC anchor text not from any paper,synthetic-generator,2026-10-04,pdf_full_text,synthetic0,synthetic-model-string,SYNTHETIC ROW generated by analysis/synthetic/make_synthetic_master.py; not evidence
synth_a07_pp_04,SYN-P07-4,A07,pre_post,synthetic adults,14,intervention,14,,feedback,finger skin temperature,synthetic device,degC,end of 4 weeks,mean,32.8,SD,2.1,,,,31.4,2.0,,,,yes,text,,10.0000/synthetic.synth_a07_pp_04,https://synthetic.invalid/synth_a07_pp_04,"SYNTHETIC p. 2, Table S",SYNTHETIC anchor text not from any paper,synthetic-generator,2026-10-04,pdf_full_text,synthetic0,synthetic-model-string,SYNTHETIC ROW generated by analysis/synthetic/make_synthetic_master.py; not evidence
synth_a21_prev_01,SYN-P21-1,A21,prevalence_survey,synthetic survey sample,442,whole sample,442,,none,able to move one ear,synthetic questionnaire,proportion,single survey,count,,none,,,,,,,97,442,,yes,text,,10.0000/synthetic.synth_a21_prev_01,https://synthetic.invalid/synth_a21_prev_01,"SYNTHETIC p. 4, Table S",SYNTHETIC anchor text not from any paper,synthetic-generator,2026-10-04,pdf_full_text,synthetic0,synthetic-model-string,SYNTHETIC ROW generated by analysis/synthetic/make_synthetic_master.py; not evidence
synth_a21_prev_02,SYN-P21-2,A21,prevalence_survey,synthetic survey sample,210,whole sample,210,,none,able to move one ear,synthetic questionnaire,proportion,single survey,count,,none,,,,,,,41,210,,yes,text,,10.0000/synthetic.synth_a21_prev_02,https://synthetic.invalid/synth_a21_prev_02,"SYNTHETIC p. 4, Table S",SYNTHETIC anchor text not from any paper,synthetic-generator,2026-10-04,pdf_full_text,synthetic0,synthetic-model-string,SYNTHETIC ROW generated by analysis/synthetic/make_synthetic_master.py; not evidence
synth_a21_prev_03,SYN-P21-3,A21,prevalence_survey,synthetic survey sample,505,whole sample,505,,none,able to move one ear,synthetic questionnaire,proportion,single survey,count,,none,,,,,,,120,505,,yes,text,,10.0000/synthetic.synth_a21_prev_03,https://synthetic.invalid/synth_a21_prev_03,"SYNTHETIC p. 4, Table S",SYNTHETIC anchor text not from any paper,synthetic-generator,2026-10-04,pdf_full_text,synthetic0,synthetic-model-string,SYNTHETIC ROW generated by analysis/synthetic/make_synthetic_master.py; not evidence
synth_a05_rct_01,SYN-P05-1,A05,rct,synthetic adults,26,intervention,14,control,breathing,RMSSD change,synthetic device,ms,end of training,mean,9.07,SD,12.0,,,,,,,,,yes,table,,10.0000/synthetic.synth_a05_rct_01,https://synthetic.invalid/synth_a05_rct_01,"SYNTHETIC p. 1, Table S",SYNTHETIC anchor text not from any paper,synthetic-generator,2026-10-04,pdf_full_text,synthetic0,synthetic-model-string,SYNTHETIC ROW generated by analysis/synthetic/make_synthetic_master.py; not evidence
synth_a05_rct_01,SYN-P05-1,A05,rct,synthetic adults,26,control,12,,breathing,RMSSD change,synthetic device,ms,end of training,mean,-1.5,SD,12.1,,,,,,,,,yes,table,,10.0000/synthetic.synth_a05_rct_01,https://synthetic.invalid/synth_a05_rct_01,"SYNTHETIC p. 1, Table S",SYNTHETIC anchor text not from any paper,synthetic-generator,2026-10-04,pdf_full_text,synthetic0,synthetic-model-string,SYNTHETIC ROW generated by analysis/synthetic/make_synthetic_master.py; not evidence
synth_a05_rct_02,SYN-P05-2,A05,rct,synthetic adults,102,intervention,50,control,breathing,RMSSD change,synthetic device,ms,end of training,mean,4.65,SD,12.0,,,,,,,,,yes,table,,10.0000/synthetic.synth_a05_rct_02,https://synthetic.invalid/synth_a05_rct_02,"SYNTHETIC p. 1, Table S",SYNTHETIC anchor text not from any paper,synthetic-generator,2026-10-04,pdf_full_text,synthetic0,synthetic-model-string,SYNTHETIC ROW generated by analysis/synthetic/make_synthetic_master.py; not evidence
synth_a05_rct_02,SYN-P05-2,A05,rct,synthetic adults,102,control,52,,breathing,RMSSD change,synthetic device,ms,end of training,mean,-1.5,SD,13.1,,,,,,,,,yes,table,,10.0000/synthetic.synth_a05_rct_02,https://synthetic.invalid/synth_a05_rct_02,"SYNTHETIC p. 1, Table S",SYNTHETIC anchor text not from any paper,synthetic-generator,2026-10-04,pdf_full_text,synthetic0,synthetic-model-string,SYNTHETIC ROW generated by analysis/synthetic/make_synthetic_master.py; not evidence
synth_a05_rct_03,SYN-P05-3,A05,rct,synthetic adults,72,intervention,36,control,breathing,RMSSD change,synthetic device,ms,end of training,mean,6.29,SD,12.0,,,,,,,,,yes,table,,10.0000/synthetic.synth_a05_rct_03,https://synthetic.invalid/synth_a05_rct_03,"SYNTHETIC p. 1, Table S",SYNTHETIC anchor text not from any paper,synthetic-generator,2026-10-04,pdf_full_text,synthetic0,synthetic-model-string,SYNTHETIC ROW generated by analysis/synthetic/make_synthetic_master.py; not evidence
synth_a05_rct_03,SYN-P05-3,A05,rct,synthetic adults,72,control,36,,breathing,RMSSD change,synthetic device,ms,end of training,mean,1.36,SD,13.1,,,,,,,,,yes,table,,10.0000/synthetic.synth_a05_rct_03,https://synthetic.invalid/synth_a05_rct_03,"SYNTHETIC p. 1, Table S",SYNTHETIC anchor text not from any paper,synthetic-generator,2026-10-04,pdf_full_text,synthetic0,synthetic-model-string,SYNTHETIC ROW generated by analysis/synthetic/make_synthetic_master.py; not evidence
synth_a05_rct_04,SYN-P05-4,A05,rct,synthetic adults,40,intervention,20,control,breathing,RMSSD change,synthetic device,ms,end of training,mean,5.9,SD,12.0,,,,,,,,,yes,table,,10.0000/synthetic.synth_a05_rct_04,https://synthetic.invalid/synth_a05_rct_04,"SYNTHETIC p. 1, Table S",SYNTHETIC anchor text not from any paper,synthetic-generator,2026-10-04,pdf_full_text,synthetic0,synthetic-model-string,SYNTHETIC ROW generated by analysis/synthetic/make_synthetic_master.py; not evidence
synth_a05_rct_04,SYN-P05-4,A05,rct,synthetic adults,40,control,20,,breathing,RMSSD change,synthetic device,ms,end of training,mean,1.66,SD,11.4,,,,,,,,,yes,table,,10.0000/synthetic.synth_a05_rct_04,https://synthetic.invalid/synth_a05_rct_04,"SYNTHETIC p. 1, Table S",SYNTHETIC anchor text not from any paper,synthetic-generator,2026-10-04,pdf_full_text,synthetic0,synthetic-model-string,SYNTHETIC ROW generated by analysis/synthetic/make_synthetic_master.py; not evidence
synth_a05_rct_05,SYN-P05-5,A05,rct,synthetic adults,18,intervention,10,control,breathing,RMSSD change,synthetic device,ms,end of training,mean,7.45,SD,12.0,,,,,,,,,yes,table,,10.0000/synthetic.synth_a05_rct_05,https://synthetic.invalid/synth_a05_rct_05,"SYNTHETIC p. 1, Table S",SYNTHETIC anchor text not from any paper,synthetic-generator,2026-10-04,pdf_full_text,synthetic0,synthetic-model-string,SYNTHETIC ROW generated by analysis/synthetic/make_synthetic_master.py; not evidence
synth_a05_rct_05,SYN-P05-5,A05,rct,synthetic adults,18,control,8,,breathing,RMSSD change,synthetic device,ms,end of training,mean,1.17,SD,13.0,,,,,,,,,yes,table,,10.0000/synthetic.synth_a05_rct_05,https://synthetic.invalid/synth_a05_rct_05,"SYNTHETIC p. 1, Table S",SYNTHETIC anchor text not from any paper,synthetic-generator,2026-10-04,pdf_full_text,synthetic0,synthetic-model-string,SYNTHETIC ROW generated by analysis/synthetic/make_synthetic_master.py; not evidence
synth_a05_rct_06,SYN-P05-6,A05,rct,synthetic adults,28,intervention,14,control,breathing,RMSSD change,synthetic device,ms,end of training,mean,10.38,SD,12.0,,,,,,,,,yes,table,,10.0000/synthetic.synth_a05_rct_06,https://synthetic.invalid/synth_a05_rct_06,"SYNTHETIC p. 1, Table S",SYNTHETIC anchor text not from any paper,synthetic-generator,2026-10-04,pdf_full_text,synthetic0,synthetic-model-string,SYNTHETIC ROW generated by analysis/synthetic/make_synthetic_master.py; not evidence
synth_a05_rct_06,SYN-P05-6,A05,rct,synthetic adults,28,control,14,,breathing,RMSSD change,synthetic device,ms,end of training,mean,-1.14,SD,12.5,,,,,,,,,yes,table,,10.0000/synthetic.synth_a05_rct_06,https://synthetic.invalid/synth_a05_rct_06,"SYNTHETIC p. 1, Table S",SYNTHETIC anchor text not from any paper,synthetic-generator,2026-10-04,pdf_full_text,synthetic0,synthetic-model-string,SYNTHETIC ROW generated by analysis/synthetic/make_synthetic_master.py; not evidence
synth_a05_rct_07,SYN-P05-7,A05,rct,synthetic adults,40,intervention,20,control,breathing,RMSSD change,synthetic device,ms,end of training,mean,7.78,SD,12.0,,,,,,,,,yes,table,,10.0000/synthetic.synth_a05_rct_07,https://synthetic.invalid/synth_a05_rct_07,"SYNTHETIC p. 1, Table S",SYNTHETIC anchor text not from any paper,synthetic-generator,2026-10-04,pdf_full_text,synthetic0,synthetic-model-string,SYNTHETIC ROW generated by analysis/synthetic/make_synthetic_master.py; not evidence
synth_a05_rct_07,SYN-P05-7,A05,rct,synthetic adults,40,control,20,,breathing,RMSSD change,synthetic device,ms,end of training,mean,-0.57,SD,12.9,,,,,,,,,yes,table,,10.0000/synthetic.synth_a05_rct_07,https://synthetic.invalid/synth_a05_rct_07,"SYNTHETIC p. 1, Table S",SYNTHETIC anchor text not from any paper,synthetic-generator,2026-10-04,pdf_full_text,synthetic0,synthetic-model-string,SYNTHETIC ROW generated by analysis/synthetic/make_synthetic_master.py; not evidence
synth_a05_rct_08,SYN-P05-8,A05,rct,synthetic adults,22,intervention,10,control,breathing,RMSSD change,synthetic device,ms,end of training,mean,8.19,SD,12.0,,,,,,,,,yes,table,,10.0000/synthetic.synth_a05_rct_08,https://synthetic.invalid/synth_a05_rct_08,"SYNTHETIC p. 1, Table S",SYNTHETIC anchor text not from any paper,synthetic-generator,2026-10-04,pdf_full_text,synthetic0,synthetic-model-string,SYNTHETIC ROW generated by analysis/synthetic/make_synthetic_master.py; not evidence
synth_a05_rct_08,SYN-P05-8,A05,rct,synthetic adults,22,control,12,,breathing,RMSSD change,synthetic device,ms,end of training,mean,1.62,SD,11.5,,,,,,,,,yes,table,,10.0000/synthetic.synth_a05_rct_08,https://synthetic.invalid/synth_a05_rct_08,"SYNTHETIC p. 1, Table S",SYNTHETIC anchor text not from any paper,synthetic-generator,2026-10-04,pdf_full_text,synthetic0,synthetic-model-string,SYNTHETIC ROW generated by analysis/synthetic/make_synthetic_master.py; not evidence
synth_a05_rct_09,SYN-P05-9,A05,rct,synthetic adults,72,intervention,36,control,breathing,RMSSD change,synthetic device,ms,end of training,mean,6.98,SD,12.0,,,,,,,,,yes,table,,10.0000/synthetic.synth_a05_rct_09,https://synthetic.invalid/synth_a05_rct_09,"SYNTHETIC p. 1, Table S",SYNTHETIC anchor text not from any paper,synthetic-generator,2026-10-04,pdf_full_text,synthetic0,synthetic-model-string,SYNTHETIC ROW generated by analysis/synthetic/make_synthetic_master.py; not evidence
synth_a05_rct_09,SYN-P05-9,A05,rct,synthetic adults,72,control,36,,breathing,RMSSD change,synthetic device,ms,end of training,mean,1.22,SD,13.1,,,,,,,,,yes,table,,10.0000/synthetic.synth_a05_rct_09,https://synthetic.invalid/synth_a05_rct_09,"SYNTHETIC p. 1, Table S",SYNTHETIC anchor text not from any paper,synthetic-generator,2026-10-04,pdf_full_text,synthetic0,synthetic-model-string,SYNTHETIC ROW generated by analysis/synthetic/make_synthetic_master.py; not evidence
synth_a05_rct_10,SYN-P05-10,A05,rct,synthetic adults,40,intervention,20,control,breathing,RMSSD change,synthetic device,ms,end of training,mean,4.66,SD,12.0,,,,,,,,,yes,table,,10.0000/synthetic.synth_a05_rct_10,https://synthetic.invalid/synth_a05_rct_10,"SYNTHETIC p. 1, Table S",SYNTHETIC anchor text not from any paper,synthetic-generator,2026-10-04,pdf_full_text,synthetic0,synthetic-model-string,SYNTHETIC ROW generated by analysis/synthetic/make_synthetic_master.py; not evidence
synth_a05_rct_10,SYN-P05-10,A05,rct,synthetic adults,40,control,20,,breathing,RMSSD change,synthetic device,ms,end of training,mean,-2.47,SD,11.7,,,,,,,,,yes,table,,10.0000/synthetic.synth_a05_rct_10,https://synthetic.invalid/synth_a05_rct_10,"SYNTHETIC p. 1, Table S",SYNTHETIC anchor text not from any paper,synthetic-generator,2026-10-04,pdf_full_text,synthetic0,synthetic-model-string,SYNTHETIC ROW generated by analysis/synthetic/make_synthetic_master.py; not evidence
synth_a05_rct_11,SYN-P05-11,A05,rct,synthetic adults,98,intervention,50,control,breathing,RMSSD change,synthetic device,ms,end of training,mean,8.14,SD,12.0,,,,,,,,,yes,table,,10.0000/synthetic.synth_a05_rct_11,https://synthetic.invalid/synth_a05_rct_11,"SYNTHETIC p. 1, Table S",SYNTHETIC anchor text not from any paper,synthetic-generator,2026-10-04,pdf_full_text,synthetic0,synthetic-model-string,SYNTHETIC ROW generated by analysis/synthetic/make_synthetic_master.py; not evidence
synth_a05_rct_11,SYN-P05-11,A05,rct,synthetic adults,98,control,48,,breathing,RMSSD change,synthetic device,ms,end of training,mean,7.05,SD,12.5,,,,,,,,,yes,table,,10.0000/synthetic.synth_a05_rct_11,https://synthetic.invalid/synth_a05_rct_11,"SYNTHETIC p. 1, Table S",SYNTHETIC anchor text not from any paper,synthetic-generator,2026-10-04,pdf_full_text,synthetic0,synthetic-model-string,SYNTHETIC ROW generated by analysis/synthetic/make_synthetic_master.py; not evidence
synth_a05_rct_12,SYN-P05-12,A05,rct,synthetic adults,74,intervention,36,control,breathing,RMSSD change,synthetic device,ms,end of training,mean,4.74,SD,12.0,,,,,,,,,yes,table,,10.0000/synthetic.synth_a05_rct_12,https://synthetic.invalid/synth_a05_rct_12,"SYNTHETIC p. 1, Table S",SYNTHETIC anchor text not from any paper,synthetic-generator,2026-10-04,pdf_full_text,synthetic0,synthetic-model-string,SYNTHETIC ROW generated by analysis/synthetic/make_synthetic_master.py; not evidence
synth_a05_rct_12,SYN-P05-12,A05,rct,synthetic adults,74,control,38,,breathing,RMSSD change,synthetic device,ms,end of training,mean,2.74,SD,11.5,,,,,,,,,yes,table,,10.0000/synthetic.synth_a05_rct_12,https://synthetic.invalid/synth_a05_rct_12,"SYNTHETIC p. 1, Table S",SYNTHETIC anchor text not from any paper,synthetic-generator,2026-10-04,pdf_full_text,synthetic0,synthetic-model-string,SYNTHETIC ROW generated by analysis/synthetic/make_synthetic_master.py; not evidence
