id,feature,system,certainty,cert_level,prevalence,prev_level,prev_value,change,basis,delta,unit,baseline,strength_sd,band,pct,plot_sd,elev,who,lever,sources,note
swami_rama,Heart-rate surge (Swami Rama),Heart,Low,1,Single cases,1,,Atrial flutter ~300 bpm for ~17 s,computed,234.5,bpm,rhr,30.4545,Extreme,,30.4545,4.975,1 person,Unknown,"Green & Green 1977, Beyond Biofeedback (book, not peer-reviewed)",Single demonstration; figures vary between accounts (300 bpm/17 s vs 306 bpm/16.2 s).
hand_split,Hand-to-hand temperature split,Temperature,Low,1,Single cases,1,,Up to 4 °C between matching sites on opposite hands within 2 min,computed,3.69,°C,asym,14.76,Extreme,,14.76,3.978,3 hypnotic subjects,Hypnosis,"Maslach, Marshall & Zimbardo 1972, Psychophysiology (case report; figures from their 1970 ONR report)",Best result among 3 subjects; 6 waking controls could not do it.
core_temp,Core (armpit) temperature rise,Temperature,Low,1,Adepts,2,,+2.2 °C largest individual rise; peak 38.3 °C,computed,2.2,°C,axil,4.5833,Extreme,,4.5833,2.481,10 g-Tummo experts; Westerners partly,Vase breathing + visualization,"Kozhevnikov et al. 2013, PLoS ONE",Best individual; group baseline 36.49 °C (SD 0.21).
tensor_tympani,Middle-ear muscle (tensor tympani),Ear,High,3,Minority,4,0.432,Hearing threshold +22 dB at 250 Hz during contraction,computed,22,dB,hear,4.4,Extreme,,4.4,2.433,43% self-report (CI 36–50%),Direct,"Wickens et al. 2017 (n = 5, tympanometry); Röddiger et al. 2021; Hoyle et al. 2024",Prevalence from self-report; upper bound 55% (Hoyle 2024).
pupil_direct,"Pupil constriction, direct",Eye,Low,1,Single cases,1,,−2.4 mm constriction (+0.8 mm dilation) with no light or focus change,computed,2.4,mm,pup,2.6667,Large,,2.6667,1.874,1 documented person,Direct,"Eberhardt et al. 2021, Int J Psychophysiol",Subject's baseline 4.96 mm; dilation alone = 0.9 SD.
finger_temp,Finger/toe warming,Temperature,Moderate,2,Single cases,1,,Up to +8.3 °C,computed,8.3,°C,fing,2.5938,Large,,2.5938,1.846,3 monks (best result),g-Tummo meditation,"Benson et al. 1982, Nature",Smaller feedback-trained warming is widely taught; Raynaud's attacks not reduced by it (RTS 2000).
heart_rate,"Heart rate, direct",Heart,Moderate,2,Most with training,5,,+3.4 bpm up; lowering not achieved,computed,3.4,bpm,rhr,0.4416,Small,,0.4416,0.528,"Group mean, typical adults",Feedback,Manuck 1976 (n = 60); Belmaker 1972,Hidden muscle tension alone can add >13 bpm.
blood_pressure,Blood pressure via slow breathing,Heart,Moderate,2,Most with training,5,,"−4 mmHg systolic (device-guided breathing, net of placebo)",computed,4,mmHg,sbp,0.2353,Small,,0.2353,0.305,Hypertensive adults,Slow breathing,"AHA statement, Brook et al. 2013 (IIa/B)",TM −4.7 mmHg (0.28 SD); biofeedback alone −0.8 (n.s.).
pupil_biofeedback,Pupil size via biofeedback,Eye,Moderate,2,Most with training,5,,Volitional up/down pupil control after 3 days,reported effect size,,,,2.0,Large,,2.0,1.585,Trained participants,Imagery / relaxation,"Meissner et al. 2024, Nat Hum Behav (randomized 56 + 25)",d ≈ 2.0 converted from ηp² 0.50 (group difference); mm change not reported in main text.
strength_imagery,Strength from imagined contractions,Muscle,High,3,Most with training,5,,"+35% finger, +13.5% elbow in 12 wk",reported effect size,,,,0.72,Moderate,,0.72,0.782,Healthy adults,Imagined contractions,Paravlic et al. 2018 meta (ES 0.72); Ranganathan 2004; Clark 2014,Physical training does more (ES 0.42 in its favor).
hypnotic_analgesia,Pain relief by hypnosis,Perception,High,3,Most with training,5,,"d 0.67 overall; 1.16 high-suggestibility, −0.01 low",reported effect size,,,,0.67,Moderate,,0.67,0.74,Scales with suggestibility,Hypnotic suggestion,"Montgomery et al. 2000 meta (933); Thompson et al. 2019 meta (3,632)",High suggestibles: pain −42% with direct suggestion (Thompson 2019).
hrv,Heart-rate oscillation (HRV) via breathing,Heart,High,3,Most with training,5,,Oscillation grows to many times its resting size,percent only,,,,,Extreme,,3.0,2.0,Most people,Breathing ~5.5–6/min,Lehrer & Gevirtz 2014; Goessl et al. 2017 meta,"Magnitude described, not tabulated; plotted at the Extreme threshold as a lower bound."
inflammation,Inflammatory response via breathing,Immune,Moderate,2,Most with training,5,,"IL-6 −35%, TNF-α −32%, IL-10 +44% vs untrained",percent only,,,,,Large,-35,1.7320508075688772,1.45,Trained volunteers,Hyperventilation + breath-hold,"Kox et al. 2014, PNAS; Zwaag et al. 2022","One research group; cytokines vary widely between people, so % may overstate SD units."
meditation_pain,Pain relief by meditation,Perception,Moderate,2,Most with training,5,,"Intensity −40%, unpleasantness −57% after 4×20 min",percent only,,,,,Large,-40,1.7320508075688772,1.45,Novices after 4 sessions,Attention training,"Zeidan et al. 2011, 2015, 2016",Larger trial (2015): intensity −27% vs placebo −11%.
seizures,Seizure frequency via skin-conductance feedback,Brain,Moderate,2,Most with training,5,,−43% mean; 45% had >50% fewer,percent only,,,,,Large,-43,1.7320508075688772,1.45,Drug-resistant epilepsy patients,Skin-conductance feedback,"Nagai et al. 2004, 2018; Nagai 2019 meta","Mostly one group; controls rose +31% (usual care, not sham)."
mind_muscle,Muscle growth by internal focus,Muscle,Moderate,2,Most with training,5,,Biceps growth 12.4% vs 6.9% (+5.5 points),percent only,,,,,Small,5.5,0.25,0.322,Lifters,Internal focus,Schoenfeld et al. 2018; Calatayud et al. 2016,EMG gain only at 20–60% of max load.
heart_stop,Stopping the heart,Heart,Not supported,0,None,0,,Heart kept beating; brief slowing at most,none,,,,0.0,None,,0.0,0.0,No one shown,Breath-hold under pressure (Valsalva),"Wenger, Bagchi & Anand 1961, Circulation; Khalsa et al. 2015 review","ECG showed reduced QRS amplitude, not arrest."
motor_unit,Single motor units,Muscle,High,3,Most with training,5,,Fire one spinal motor neuron's unit in isolation,on/off,,,,,On/off,,,,"Most, with training",EMG feedback,"Basmajian 1963, Science; Bräcklein et al. 2022, eLife",Independent control limited by shared input.
goosebumps,Goosebumps on cue,Skin,Moderate,2,Rare,3,0.028,"Piloerection on cue, onset ~4 s",on/off,,,,,On/off,,,,~2.8%,Head/neck tension,Katahira et al. 2020; Heathers et al. 2018,Objective in 9 of 15.
nystagmus,Voluntary nystagmus,Eye,High,3,Minority,4,0.08,22–30 Hz eye oscillation for 4–35 s,on/off,,,,,On/off,,,,"~8%, familial","Direct, often via convergence",Zahn 1978,79% had relatives who could.
ear_muscles,Ear muscles,Ear,High,3,Minority,4,0.22,Move one ear (22%) or both (18%),on/off,,,,,On/off,,,,~1 in 5,Direct,Code 1995 (n = 442); Strauss et al. 2020,Vestigial muscles.
single_neurons,Single brain neurons (implant),Brain,High,3,Most with training,5,,Raise or lower individual neurons' firing,not quantified,,,,,,,,,Implant patients,Implant + live feedback,"Cerf et al. 2010, Nature",Success rate not in abstract.
eeg,EEG rhythms,Brain,High,3,Most with training,5,,Self-regulate alpha / SMR,not quantified,,,,,,,,,Most; 15–50% don't learn,Neurofeedback,Kamiya 1968; Sterman & Egner 2006; Cortese 2016; Westwood 2025,ADHD benefit vanishes with blinded raters (SMD 0.04).
fmri,Regional brain activity (fMRI),Brain,Moderate,2,Most with training,5,,Self-regulate a target region; behavior effects rarely replicate,not quantified,,,,,,,,,"Many, not all",Neurofeedback,Thibault et al. 2018; Sulzer et al. 2013,deCharms 2005 pain effect matched by sham.
pelvic_floor,Pelvic-floor coordination,Muscle,High,3,Most with training,5,0.79,Dyssynergia corrected in 79% vs 4% sham,not quantified,,,,,,,,,79% of patients,Biofeedback,Rao et al. 2007; Chiarioni et al. 2006,Binary outcome.
vagal,Vagal output to the heart,Heart,Low,1,Most with training,5,,7 cardiac neurons recruited by slow deep breathing; conflicting result,not quantified,,,,,,,,,Anyone breathing slowly (unconfirmed),Breathing,"Farmer et al. 2025, J Physiol; Macefield et al. 2026","One study, 7 units."
