record_id,title,year,doi_or_id,expected_decision,expected_code,rationale
decoy_01,The application of implant technology for cybernetic systems,2003,doi:10.1001/archneur.60.10.1369,exclude,E5,"Warwick et al. 2003 [11] (research-project.md line 303). Nerve-implant link to external hardware; the function (control of a machine through an implant) is not in references/abilities.md and the research document excludes links that run through implanted or external hardware to a machine or another person (line 17). Not a review, so E7 does not fire; E1-E4 do not apply before E5."
decoy_02,Walking naturally after spinal cord injury using a brain-spine interface,2023,doi:10.1038/s41586-023-06094-5,exclude,E5,"Lorach et al. 2023 [13] (line 305). Brain-spine interface: the change runs through implanted hardware to a stimulator; function not in references/abilities.md and excluded by the research document's scope (line 17). Not a review (single-participant device study)."
decoy_03,A direct brain-to-brain interface in humans,2014,doi:10.1371/journal.pone.0111332,exclude,E5,"Rao et al. 2014 [14] (line 306). Hardware link between two people (EEG to TMS); function not in references/abilities.md; excluded by the research document's scope (line 17). Not a review."
decoy_04,BrainNet: a multi-person brain-to-brain interface for direct collaboration between brains,2019,doi:10.1038/s41598-019-41895-7,exclude,E5,"Jiang et al. 2019 [15] (line 307). Hardware-mediated multi-person interface; function not in references/abilities.md; excluded by the research document's scope (line 17). Not a review."
decoy_05,Does psi exist? Lack of replication of an anomalous process of information transfer,1999,doi:10.1037/0033-2909.125.4.387,exclude,E7,"Milton & Wiseman 1999 [16] (line 308). A meta-analysis pooling 30 ganzfeld studies (research-project.md line 146): E7 is tested first and stops the sequence, so E5 (unaided mind-to-mind transfer is not an ability) must NOT be recorded. Tests the E7-first rule."
decoy_06,The mechanism of placebo analgesia,1978,doi:10.1016/S0140-6736(78)92762-9,exclude,E2,"Levine, Gordon & Fields 1978 [77] (line 369). Placebo analgesia given by others: no deliberate attempt by the person to change a bodily function; the research document excludes effects the person does not initiate (line 17). Not a review (primary clinical experiment)."
decoy_07,Endogenous opiates and the placebo effect: a meta-analytic review,2005,doi:10.1016/j.jpsychores.2004.07.001,exclude,E7,"Sauro & Greenberg 2005 [78] (line 370). Meta-analytic review: E7 is tested first and stops the sequence, so E2 (placebo, no deliberate attempt) must NOT be recorded. Tests the E7-first rule."
decoy_08,Behavioral conditioning of immunosuppression is possible in humans,2002,doi:10.1096/fj.02-0389com,exclude,E2,"Goebel et al. 2002 [80] (line 372). Classically conditioned immune response: no deliberate attempt by the person (line 17 excludes classically conditioned immune responses). Immune-conditioning record, not an A09 immune-challenge (endotoxin) study; screened from the record text only. Not a review."
decoy_09,Placebo effects on the immune response in humans: the role of learning and expectation,2012,doi:10.1371/journal.pone.0049477,exclude,E2,"Albring et al. 2012 [81] (line 373). Placebo/learned immune response given by others: no deliberate attempt by the person (line 17). Immune-conditioning record, not an A09 endotoxin-challenge study. Not a review."
decoy_10,Learned immunosuppressive placebo responses in renal transplant patients,2018,doi:10.1073/pnas.1720548115,exclude,E2,"Kirchhof et al. 2018 [82] (line 374). Learned (conditioned) placebo response in patients: no deliberate attempt by the person (line 17). Immune-conditioning record, not an A09 endotoxin-challenge study. Not a review."
